id,label
1,Cat
10,Cat
100,Dog
1000,Cat
1001,Cat
1002,Cat
1003,Cat
1004,Dog
1005,Dog
1006,Cat
1007,Dog
1008,Dog
1009,Cat
101,Cat
1010,Dog
1011,Dog
1012,Dog
1013,Dog
1014,Dog
1015,Cat
1016,Dog
2897,Dog
2898,Cat
2899,Dog
29,Dog
290,Dog
2900,Cat
2901,Cat
2902,Dog
2903,Dog
2904,Dog
2905,Dog
2906,Dog
2907,Cat
2908,Cat
2909,Dog
291,Dog
2910,Dog
2911,Cat
2912,Cat
2913,Cat
2914,Cat
2915,Dog
2916,Cat
2917,Dog
403,Dog
4030,Dog
4031,Dog
4032,Dog
4033,Cat
4034,Cat
4035,Cat
4036,Dog
4037,Dog
4038,Dog
4039,Dog
404,Dog
4040,Cat
4041,Cat
4042,Cat
4043,Cat
4044,Dog
4045,Cat
4046,Cat
4047,Cat
4048,Dog
4049,Dog
1839,Dog
184,Cat
1840,Cat
1841,Cat
1842,Dog
1843,Cat
1844,Cat
1845,Dog
1846,Cat
1847,Cat
1848,Dog
1849,Dog
185,Dog
1850,Cat
1851,Cat
1852,Cat
1853,Cat
1854,Dog
1855,Cat
1856,Cat
1857,Dog
1858,Cat
1859,Cat
186,Dog
1860,Dog
1861,Dog
1862,Dog
1863,Dog
1864,Cat
1865,Cat
1866,Dog
1867,Dog
1868,Dog
1869,Cat
187,Cat
1870,Cat
4809,Dog
481,Dog
4810,Dog
4811,Dog
4812,Dog
4813,Cat
4814,Dog
4815,Dog
4816,Dog
4817,Dog
4818,Dog
4819,Cat
482,Dog
4820,Cat
4821,Dog
4822,Cat
4823,Dog
4824,Dog
4825,Dog
4826,Cat
4827,Dog
4828,Dog
4829,Cat
483,Cat
4830,Dog
4831,Cat
4832,Dog
4833,Dog
4834,Cat
4835,Dog
4836,Cat
4837,Cat
4838,Cat
4839,Dog
484,Cat
4840,Cat
4841,Cat
1017,Cat
1037,Dog
1066,Dog
1091,Cat
112,Cat
1141,Dog
116,Dog
1178,Cat
12,Cat
1233,Dog
1257,Cat
1292,Dog
1327,Dog
1351,Dog
1370,Cat
1390,Dog
1409,Dog
1427,Cat
1452,Dog
1481,Cat
1509,Dog
1540,Dog
1560,Cat
3579,Dog
358,Cat
3580,Cat
3581,Cat
3582,Dog
3583,Dog
3584,Dog
3585,Dog
3586,Dog
3587,Dog
3588,Dog
3589,Dog
359,Cat
3590,Dog
3591,Dog
3592,Cat
3593,Cat
3594,Cat
3595,Dog
3596,Cat
3597,Cat
3598,Cat
3599,Dog
1541,Dog
1542,Cat
1543,Dog
1544,Dog
1545,Dog
1546,Dog
1547,Cat
1548,Cat
1549,Cat
155,Cat
1550,Cat
1551,Dog
1552,Cat
1553,Cat
1554,Dog
1555,Cat
1556,Cat
1557,Dog
1558,Dog
1559,Dog
156,Cat
229,Dog
2290,Dog
2291,Cat
2292,Cat
2293,Cat
2294,Cat
2295,Dog
2296,Dog
2297,Cat
2298,Cat
2299,Dog
23,Cat
230,Cat
2300,Dog
2301,Cat
2302,Cat
2303,Cat
2304,Cat
2305,Cat
2306,Dog
2307,Cat
2308,Dog
3223,Cat
3224,Cat
3225,Cat
3226,Cat
3227,Dog
3228,Cat
3229,Dog
323,Cat
3230,Dog
3231,Cat
3232,Cat
3233,Cat
3234,Dog
3235,Dog
3236,Cat
3237,Dog
3238,Dog
3239,Cat
324,Dog
3240,Dog
3241,Dog
3242,Cat
3243,Dog
3244,Dog
3245,Cat
3246,Cat
3247,Cat
3248,Dog
3249,Cat
325,Cat
3250,Dog
3251,Cat
3252,Cat
3253,Dog
630,Dog
631,Cat
632,Dog
633,Dog
634,Dog
635,Dog
636,Dog
637,Cat
638,Cat
639,Dog
64,Cat
640,Dog
641,Cat
642,Dog
643,Cat
644,Cat
645,Cat
646,Cat
647,Dog
648,Dog
649,Cat
65,Cat
650,Cat
651,Dog
652,Dog
653,Dog
4406,Dog
4407,Cat
4408,Cat
4409,Dog
441,Cat
4410,Cat
4411,Dog
4412,Cat
4413,Dog
4414,Dog
4415,Dog
4416,Dog
4417,Dog
4418,Cat
4419,Cat
442,Dog
4420,Cat
4421,Cat
4422,Cat
4423,Dog
4424,Cat
4425,Dog
4426,Dog
4427,Dog
4428,Dog
2668,Dog
2669,Dog
267,Cat
2670,Dog
2671,Cat
2672,Dog
2673,Dog
2674,Cat
2675,Dog
2676,Cat
2677,Dog
2678,Dog
2679,Dog
268,Dog
2680,Dog
2681,Cat
2682,Cat
2683,Cat
2684,Dog
2685,Cat
2686,Cat
2687,Cat
1234,Cat
1235,Cat
1236,Dog
1237,Dog
1238,Dog
1239,Cat
124,Dog
1240,Dog
1241,Dog
1242,Cat
1243,Cat
1244,Cat
1245,Cat
1246,Dog
1247,Cat
1248,Cat
1249,Cat
125,Dog
1250,Cat
1251,Cat
1252,Cat
1253,Cat
1254,Dog
1255,Cat
1256,Cat
3791,Cat
3792,Dog
3793,Dog
3794,Dog
3795,Cat
3796,Dog
3797,Dog
3798,Cat
3799,Cat
38,Dog
380,Cat
3800,Dog
3801,Dog
3802,Cat
3803,Dog
3804,Dog
3805,Cat
3806,Cat
3807,Cat
3808,Cat
3809,Dog
381,Dog
3810,Cat
3811,Dog
3812,Cat
3813,Cat
1741,Dog
1742,Dog
1743,Cat
1744,Dog
1745,Dog
1746,Cat
1747,Cat
1748,Cat
1749,Cat
175,Dog
1750,Cat
1751,Cat
1752,Dog
1753,Cat
1754,Dog
1755,Dog
1756,Cat
1757,Cat
1758,Cat
1759,Dog
2076,Dog
2077,Dog
2078,Dog
2079,Cat
208,Dog
2080,Cat
2081,Cat
2082,Cat
2083,Cat
2084,Dog
2085,Cat
2086,Cat
2087,Cat
2088,Cat
2089,Cat
209,Cat
2090,Dog
2091,Cat
2092,Dog
2093,Cat
2094,Dog
2095,Cat
2096,Cat
2097,Cat
2098,Cat
2099,Cat
21,Cat
210,Cat
2100,Cat
2101,Dog
2102,Dog
2103,Cat
2104,Dog
3398,Dog
3399,Dog
34,Dog
340,Dog
3400,Cat
3401,Dog
3402,Dog
3403,Dog
3404,Dog
3405,Cat
3406,Cat
3407,Dog
3408,Dog
3409,Cat
341,Cat
3410,Dog
3411,Cat
3412,Cat
3413,Cat
3414,Cat
3415,Dog
3416,Dog
3417,Cat
835,Dog
836,Dog
837,Dog
838,Cat
839,Cat
84,Dog
840,Cat
841,Dog
842,Cat
843,Dog
844,Cat
845,Cat
846,Cat
847,Cat
848,Cat
849,Dog
85,Dog
850,Cat
851,Dog
852,Dog
853,Cat
854,Cat
855,Cat
856,Cat
4997,Cat
4998,Dog
4999,Cat
5,Cat
50,Cat
500,Cat
501,Dog
502,Dog
503,Cat
504,Cat
505,Dog
506,Cat
507,Dog
508,Cat
509,Cat
51,Cat
510,Dog
511,Dog
512,Dog
513,Cat
514,Cat
515,Cat
516,Cat
517,Dog
518,Dog
3141,Dog
3142,Dog
3143,Dog
3144,Dog
3145,Dog
3146,Cat
3147,Dog
3148,Cat
3149,Cat
315,Cat
3150,Dog
3151,Dog
3152,Dog
3153,Cat
3154,Dog
3155,Dog
3156,Dog
3157,Dog
3158,Dog
3159,Cat
316,Cat
4203,Cat
4204,Dog
4205,Cat
4206,Dog
4207,Dog
4208,Cat
4209,Dog
421,Cat
4210,Dog
4211,Dog
4212,Dog
4213,Cat
4214,Cat
4215,Cat
4216,Dog
4217,Dog
4218,Dog
4219,Dog
422,Cat
4220,Cat
4607,Cat
4608,Dog
4609,Dog
461,Dog
4610,Dog
4611,Dog
4612,Cat
4613,Dog
4614,Cat
4615,Cat
4616,Dog
4617,Dog
4618,Dog
4619,Cat
462,Dog
4620,Cat
4621,Cat
4622,Cat
4623,Cat
4624,Dog
3633,Cat
3634,Cat
3635,Cat
3636,Cat
3637,Dog
3638,Cat
3639,Dog
364,Dog
3640,Dog
3641,Cat
3642,Dog
3643,Dog
3644,Cat
3645,Cat
3646,Dog
3647,Cat
3648,Dog
3649,Cat
365,Cat
3650,Cat
3651,Dog
3652,Cat
3653,Cat
3654,Cat
3655,Cat
2473,Cat
2474,Cat
2475,Dog
2476,Cat
2477,Cat
2478,Dog
2479,Dog
248,Cat
2480,Cat
2481,Dog
2482,Cat
2483,Cat
2484,Dog
2485,Cat
2486,Dog
2487,Dog
2488,Cat
2489,Cat
249,Dog
2490,Dog
2491,Dog
1179,Dog
118,Dog
1180,Cat
1181,Cat
1182,Cat
1183,Dog
1184,Dog
1185,Dog
1186,Dog
1187,Dog
1188,Dog
1189,Cat
119,Dog
1190,Cat
1191,Cat
1192,Dog
1193,Dog
1194,Cat
1195,Dog
1196,Cat
1197,Dog
1198,Cat
1199,Dog
3963,Dog
3964,Cat
3965,Cat
3966,Cat
3967,Cat
3968,Dog
3969,Dog
397,Cat
3970,Cat
3971,Cat
3972,Cat
3973,Cat
3974,Cat
3975,Cat
3976,Dog
3977,Dog
3978,Dog
3979,Dog
398,Cat
3980,Cat
1600,Dog
1601,Dog
1602,Dog
1603,Cat
1604,Cat
1605,Cat
1606,Dog
1607,Dog
1608,Cat
1609,Cat
161,Dog
1610,Dog
1611,Dog
1612,Dog
1613,Cat
1614,Dog
1615,Cat
1616,Dog
1617,Dog
1618,Cat
1619,Cat
162,Cat
1620,Dog
1621,Cat
1622,Cat
1623,Cat
1624,Cat
1625,Cat
1626,Dog
1627,Cat
1628,Dog
1629,Cat
163,Dog
1630,Dog
1631,Cat
1632,Cat
1633,Dog
2842,Cat
2843,Cat
2844,Cat
2845,Dog
2846,Cat
2847,Cat
2848,Dog
2849,Cat
285,Cat
2850,Cat
2851,Dog
2852,Dog
2853,Dog
2854,Dog
2855,Dog
2856,Cat
2857,Cat
2858,Cat
2859,Dog
286,Cat
2860,Dog
2861,Cat
2862,Cat
2863,Dog
2864,Cat
2865,Cat
2866,Dog
2867,Dog
2868,Cat
1391,Cat
1392,Cat
1393,Cat
1394,Cat
1395,Cat
1396,Dog
1397,Dog
1398,Dog
1399,Cat
14,Dog
140,Dog
1400,Dog
1401,Dog
1402,Dog
1403,Cat
1404,Cat
1405,Cat
1406,Cat
1407,Cat
1408,Dog
2130,Dog
2131,Dog
2132,Dog
2133,Cat
2134,Dog
2135,Dog
2136,Cat
2137,Cat
2138,Dog
2139,Cat
214,Dog
2140,Cat
2141,Dog
2142,Dog
2143,Cat
2144,Cat
2145,Dog
2146,Dog
2147,Cat
2148,Dog
2149,Cat
215,Cat
2150,Dog
2151,Dog
2152,Dog
2153,Dog
2154,Dog
2155,Dog
2156,Dog
2157,Dog
2158,Dog
2159,Dog
1784,Dog
1785,Dog
1786,Dog
1787,Dog
1788,Dog
1789,Dog
179,Dog
1790,Dog
1791,Dog
1792,Dog
1793,Cat
1794,Cat
1795,Dog
1796,Dog
1797,Cat
1798,Dog
1799,Cat
18,Cat
180,Dog
1800,Dog
1801,Cat
1802,Cat
773,Dog
774,Cat
775,Cat
776,Dog
777,Cat
778,Dog
779,Dog
78,Cat
780,Cat
781,Dog
782,Dog
783,Cat
784,Cat
785,Dog
786,Dog
787,Dog
788,Dog
789,Dog
79,Dog
790,Cat
791,Dog
792,Cat
793,Dog
794,Dog
795,Cat
796,Cat
797,Dog
798,Dog
799,Cat
8,Dog
80,Cat
800,Dog
801,Dog
802,Cat
803,Cat
804,Dog
805,Dog
806,Dog
807,Dog
4361,Cat
4362,Cat
4363,Dog
4364,Cat
4365,Dog
4366,Cat
4367,Cat
4368,Dog
4369,Dog
437,Cat
4370,Cat
4371,Dog
4372,Cat
4373,Dog
4374,Cat
4375,Cat
4376,Dog
4377,Dog
4378,Dog
4379,Cat
438,Dog
4380,Cat
4948,Dog
4949,Cat
495,Cat
4950,Cat
4951,Cat
4952,Cat
4953,Dog
4954,Dog
4955,Dog
4956,Dog
4957,Dog
4958,Dog
4959,Dog
496,Cat
4960,Dog
4961,Dog
4962,Cat
4963,Cat
4964,Cat
4965,Dog
4966,Dog
4967,Cat
4968,Dog
4969,Dog
497,Dog
4970,Dog
4971,Dog
4972,Cat
4973,Dog
4974,Dog
199,Cat
1990,Cat
1991,Dog
1992,Dog
1993,Dog
1994,Cat
1995,Cat
1996,Cat
1997,Dog
1998,Cat
1999,Cat
2,Dog
20,Dog
200,Dog
2000,Cat
2001,Cat
2002,Dog
2003,Cat
2004,Dog
2005,Dog
2006,Dog
2007,Cat
2008,Dog
2009,Cat
201,Cat
2010,Cat
2011,Cat
2012,Cat
590,Dog
591,Dog
592,Cat
593,Dog
594,Cat
595,Cat
596,Dog
597,Dog
598,Cat
599,Cat
6,Dog
60,Cat
600,Dog
601,Dog
602,Cat
603,Dog
604,Dog
605,Dog
606,Dog
607,Dog
608,Dog
609,Dog
3355,Cat
3356,Dog
3357,Dog
3358,Dog
3359,Dog
336,Cat
3360,Dog
3361,Cat
3362,Dog
3363,Cat
3364,Dog
3365,Dog
3366,Dog
3367,Cat
3368,Dog
3369,Dog
337,Dog
3370,Cat
3371,Cat
3372,Cat
3373,Dog
3374,Cat
3375,Dog
3376,Dog
3377,Cat
3378,Cat
3379,Dog
4566,Cat
4567,Dog
4568,Dog
4569,Cat
457,Cat
4570,Dog
4571,Cat
4572,Cat
4573,Dog
4574,Cat
4575,Cat
4576,Dog
4577,Dog
4578,Cat
4579,Dog
458,Dog
4580,Cat
4581,Cat
4582,Dog
4583,Dog
4584,Cat
4585,Cat
4586,Dog
338,Cat
3397,Dog
3418,Cat
3437,Cat
3465,Dog
3487,Cat
3510,Cat
3533,Dog
3553,Dog
3578,Dog
36,Cat
3632,Dog
3656,Dog
3680,Cat
370,Dog
3730,Cat
3750,Dog
377,Dog
3790,Dog
3814,Dog
3843,Cat
969,Cat
97,Dog
970,Dog
971,Dog
972,Cat
973,Cat
974,Dog
975,Cat
976,Cat
977,Cat
978,Cat
979,Cat
98,Dog
980,Cat
981,Cat
982,Dog
983,Cat
984,Cat
985,Dog
986,Dog
987,Dog
988,Cat
989,Dog
99,Dog
990,Cat
991,Cat
992,Cat
993,Cat
994,Dog
995,Cat
996,Dog
997,Dog
998,Cat
999,Dog
3184,Dog
3185,Cat
3186,Cat
3187,Dog
3188,Cat
3189,Cat
319,Cat
3190,Cat
3191,Dog
3192,Dog
3193,Dog
3194,Cat
3195,Cat
3196,Dog
3197,Dog
3198,Dog
3199,Cat
32,Cat
320,Cat
3751,Dog
3752,Dog
3753,Cat
3754,Cat
3755,Dog
3756,Cat
3757,Cat
3758,Dog
3759,Dog
376,Cat
3760,Dog
3761,Dog
3762,Cat
3763,Dog
3764,Cat
3765,Dog
3766,Cat
3767,Dog
3768,Cat
3769,Cat
4164,Dog
4165,Dog
4166,Cat
4167,Cat
4168,Cat
4169,Cat
417,Cat
4170,Dog
4171,Dog
4172,Dog
4173,Dog
4174,Cat
4175,Dog
4176,Cat
4177,Cat
4178,Dog
4179,Cat
418,Dog
4180,Cat
4181,Dog
2514,Cat
2515,Dog
2516,Cat
2517,Dog
2518,Dog
2519,Dog
252,Cat
2520,Dog
2521,Cat
2522,Dog
2523,Dog
2524,Cat
2525,Cat
2526,Dog
2527,Cat
2528,Dog
2529,Cat
253,Cat
2530,Dog
2531,Dog
2532,Cat
2937,Cat
2938,Cat
2939,Dog
294,Cat
2940,Dog
2941,Cat
2942,Dog
2943,Dog
2944,Cat
2945,Dog
2946,Dog
2947,Cat
2948,Cat
2949,Cat
295,Cat
2950,Dog
2951,Cat
2952,Dog
2953,Cat
2954,Dog
2955,Dog
2956,Cat
2329,Cat
233,Dog
2330,Dog
2331,Cat
2332,Dog
2333,Dog
2334,Dog
2335,Cat
2336,Cat
2337,Cat
2338,Cat
2339,Dog
234,Cat
2340,Cat
2341,Dog
2342,Dog
2343,Dog
2344,Dog
2345,Cat
2346,Cat
2347,Dog
2348,Dog
2349,Cat
235,Cat
2350,Dog
2351,Cat
2352,Cat
2353,Dog
3438,Cat
3439,Dog
344,Cat
3440,Cat
3441,Cat
3442,Dog
3443,Dog
3444,Dog
3445,Cat
3446,Dog
3447,Dog
3448,Cat
3449,Dog
345,Cat
3450,Dog
3451,Cat
3452,Dog
3453,Dog
3454,Dog
3455,Cat
3456,Dog
3457,Cat
3458,Dog
3459,Cat
346,Cat
3460,Cat
3461,Cat
3462,Dog
3463,Cat
3464,Dog
1038,Dog
1039,Dog
104,Cat
1040,Cat
1041,Cat
1042,Cat
1043,Cat
1044,Cat
1045,Cat
1046,Dog
1047,Cat
1048,Cat
1049,Cat
105,Cat
1050,Dog
1051,Dog
1052,Cat
1053,Dog
1054,Cat
1055,Cat
1056,Cat
1057,Dog
1058,Cat
1059,Dog
106,Dog
1060,Cat
1061,Dog
1062,Cat
1063,Cat
1064,Dog
1065,Dog
4763,Cat
4764,Cat
4765,Dog
4766,Dog
4767,Dog
4768,Dog
4769,Cat
477,Cat
4770,Cat
4771,Dog
4772,Dog
4773,Cat
4774,Cat
4775,Dog
4776,Dog
4777,Dog
4778,Cat
4779,Dog
478,Cat
4780,Cat
4781,Dog
4782,Cat
4783,Cat
1635,Cat
1636,Dog
1637,Dog
1638,Cat
1639,Dog
164,Cat
1640,Cat
1641,Dog
1642,Dog
1643,Cat
1644,Cat
1645,Cat
1646,Dog
1647,Dog
1648,Cat
1649,Dog
165,Cat
1650,Cat
1651,Dog
1652,Dog
1653,Dog
1654,Dog
1655,Dog
1656,Cat
3815,Dog
3816,Dog
3817,Dog
3818,Dog
3819,Cat
382,Cat
3820,Dog
3821,Cat
3822,Dog
3823,Cat
3824,Cat
3825,Cat
3826,Cat
3827,Cat
3828,Cat
3829,Dog
383,Cat
3830,Cat
3831,Cat
3832,Cat
3833,Dog
3834,Dog
3835,Cat
3836,Dog
3837,Dog
3838,Dog
3839,Cat
384,Cat
3840,Cat
3841,Dog
3842,Dog
2708,Cat
2709,Dog
271,Cat
2710,Cat
2711,Dog
2712,Cat
2713,Dog
2714,Cat
2715,Dog
2716,Cat
2717,Cat
2718,Cat
2719,Dog
272,Cat
2720,Cat
2721,Cat
2722,Cat
2723,Dog
2724,Cat
2725,Dog
2726,Dog
1352,Cat
1353,Dog
1354,Dog
1355,Cat
1356,Dog
1357,Dog
1358,Dog
1359,Cat
136,Cat
1360,Cat
1361,Dog
1362,Dog
1363,Cat
1364,Dog
1365,Cat
1366,Cat
1367,Cat
1368,Dog
1369,Dog
137,Dog
3027,Cat
3028,Dog
3029,Dog
303,Cat
3030,Dog
3031,Dog
3032,Dog
3033,Cat
3034,Cat
3035,Dog
3036,Dog
3037,Dog
3038,Cat
3039,Cat
304,Cat
3040,Dog
3041,Cat
3042,Cat
3043,Dog
3044,Dog
3045,Cat
3046,Dog
3047,Cat
3048,Cat
4843,Dog
4844,Dog
4845,Dog
4846,Cat
4847,Dog
4848,Cat
4849,Dog
485,Cat
4850,Cat
4851,Dog
4852,Dog
4853,Cat
4854,Dog
4855,Dog
4856,Dog
4857,Dog
4858,Dog
4859,Cat
486,Dog
1428,Dog
1429,Dog
143,Cat
1430,Cat
1431,Dog
1432,Dog
1433,Cat
1434,Dog
1435,Dog
1436,Dog
1437,Cat
1438,Cat
1439,Dog
144,Cat
1440,Cat
1441,Cat
1442,Dog
1443,Cat
1444,Cat
1445,Cat
1446,Cat
1447,Cat
1448,Cat
1449,Cat
145,Cat
1450,Dog
1451,Cat
3298,Cat
3299,Cat
33,Dog
330,Dog
3300,Dog
3301,Cat
3302,Dog
3303,Dog
3304,Cat
3305,Dog
3306,Cat
3307,Cat
3308,Dog
3309,Dog
331,Dog
3310,Cat
3311,Cat
3312,Dog
3313,Dog
3314,Dog
3315,Dog
3316,Cat
3317,Cat
3318,Dog
3319,Cat
332,Dog
3320,Cat
3321,Cat
3322,Cat
3323,Dog
3324,Cat
3325,Cat
3326,Dog
3327,Cat
3328,Cat
3329,Dog
333,Cat
3330,Dog
2259,Dog
226,Dog
2260,Dog
2261,Cat
2262,Dog
2263,Dog
2264,Cat
2265,Dog
2266,Cat
2267,Cat
2268,Dog
2269,Dog
227,Dog
2270,Cat
2271,Dog
2272,Dog
2273,Cat
2274,Cat
2275,Dog
2276,Cat
2277,Cat
2278,Cat
2279,Dog
228,Cat
2280,Dog
2281,Dog
2282,Cat
2283,Cat
2284,Cat
2285,Cat
2286,Dog
2287,Dog
2288,Cat
91,Cat
910,Dog
911,Dog
912,Cat
913,Cat
914,Dog
915,Cat
916,Cat
917,Cat
918,Dog
919,Dog
92,Cat
920,Dog
921,Cat
922,Cat
923,Cat
924,Dog
925,Cat
926,Dog
927,Dog
928,Cat
929,Cat
93,Cat
930,Cat
931,Cat
932,Dog
3700,Cat
3701,Cat
3702,Dog
3703,Dog
3704,Dog
3705,Dog
3706,Cat
3707,Cat
3708,Dog
3709,Dog
371,Cat
3710,Cat
3711,Dog
3712,Cat
3713,Cat
3714,Dog
3715,Dog
3716,Cat
3717,Dog
3718,Dog
3719,Dog
372,Dog
3720,Dog
3721,Dog
3722,Dog
3723,Cat
3724,Cat
3725,Cat
3726,Dog
3727,Cat
3728,Cat
3729,Cat
373,Dog
4666,Cat
4667,Cat
4668,Dog
4669,Dog
467,Dog
4670,Cat
4671,Cat
4672,Dog
4673,Dog
4674,Cat
4675,Cat
4676,Cat
4677,Dog
4678,Dog
4679,Dog
468,Cat
4680,Cat
4681,Dog
4682,Cat
4683,Cat
4684,Cat
4685,Cat
4686,Dog
4687,Cat
1142,Dog
1143,Cat
1144,Cat
1145,Dog
1146,Cat
1147,Cat
1148,Dog
1149,Dog
115,Cat
1150,Cat
1151,Dog
1152,Cat
1153,Cat
1154,Cat
1155,Dog
1156,Dog
1157,Dog
1158,Dog
1159,Dog
196,Cat
1960,Dog
1961,Dog
1962,Cat
1963,Cat
1964,Cat
1965,Cat
1966,Dog
1967,Dog
1968,Dog
1969,Cat
197,Cat
1970,Dog
1971,Dog
1972,Cat
1973,Dog
1974,Dog
1975,Dog
1976,Cat
1977,Cat
1978,Dog
1979,Cat
198,Dog
1980,Cat
1981,Dog
1982,Dog
1983,Cat
1984,Cat
1985,Cat
1986,Dog
1987,Cat
1988,Cat
2607,Dog
2608,Dog
2609,Dog
261,Dog
2610,Cat
2611,Cat
2612,Cat
2613,Dog
2614,Dog
2615,Cat
2616,Dog
2617,Cat
2618,Cat
2619,Cat
262,Cat
2620,Cat
2621,Dog
2622,Dog
2623,Cat
2624,Dog
2625,Cat
2626,Dog
2627,Dog
2628,Cat
2629,Dog
4261,Dog
4262,Dog
4263,Dog
4264,Dog
4265,Cat
4266,Cat
4267,Cat
4268,Cat
4269,Cat
427,Cat
4270,Cat
4271,Cat
4272,Dog
4273,Dog
4274,Cat
4275,Cat
4276,Dog
4277,Dog
4278,Cat
4279,Dog
428,Cat
4474,Cat
4475,Cat
4476,Cat
4477,Dog
4478,Dog
4479,Cat
448,Cat
4480,Cat
4481,Cat
4482,Dog
4483,Cat
4484,Dog
4485,Dog
4486,Cat
4487,Dog
4488,Dog
4489,Dog
449,Dog
4490,Cat
4491,Dog
714,Cat
715,Dog
716,Cat
717,Dog
718,Cat
719,Dog
72,Cat
720,Dog
721,Dog
722,Dog
723,Dog
724,Dog
725,Cat
726,Dog
727,Dog
728,Dog
729,Dog
73,Cat
730,Dog
731,Cat
732,Dog
733,Cat
734,Dog
3534,Dog
3535,Dog
3536,Cat
3537,Cat
3538,Cat
3539,Cat
354,Cat
3540,Cat
3541,Cat
3542,Dog
3543,Cat
3544,Dog
3545,Cat
3546,Dog
3547,Dog
3548,Dog
3549,Dog
355,Dog
3550,Cat
3551,Dog
3552,Cat
1293,Dog
1294,Cat
1295,Cat
1296,Cat
1297,Dog
1298,Cat
1299,Cat
13,Cat
130,Dog
1300,Dog
1301,Cat
1302,Dog
1303,Cat
1304,Dog
1305,Cat
1306,Cat
1307,Dog
1308,Cat
1309,Dog
131,Cat
1310,Cat
1311,Dog
1312,Cat
1313,Cat
1314,Dog
1315,Dog
1316,Cat
1317,Dog
1318,Dog
1319,Cat
132,Dog
1320,Dog
1321,Cat
1322,Cat
1323,Cat
1324,Dog
1325,Cat
1326,Cat
4103,Cat
4104,Dog
4105,Cat
4106,Dog
4107,Cat
4108,Cat
4109,Cat
411,Dog
4110,Cat
4111,Dog
4112,Cat
4113,Dog
4114,Cat
4115,Dog
4116,Cat
4117,Dog
4118,Dog
4119,Dog
412,Cat
4120,Cat
4121,Cat
1695,Cat
1696,Cat
1697,Dog
1698,Dog
1699,Cat
17,Cat
170,Dog
1700,Dog
1701,Cat
1702,Cat
1703,Dog
1704,Dog
1705,Cat
1706,Dog
1707,Cat
1708,Cat
1709,Dog
171,Cat
1710,Dog
1711,Dog
1712,Cat
1713,Dog
1714,Dog
1715,Dog
1716,Cat
1717,Cat
1718,Dog
1719,Dog
172,Dog
2411,Dog
2412,Cat
2413,Dog
2414,Dog
2415,Dog
2416,Dog
2417,Cat
2418,Cat
2419,Cat
242,Cat
2420,Dog
2421,Cat
2422,Cat
2423,Cat
2424,Dog
2425,Cat
2426,Cat
2427,Dog
2428,Dog
2429,Dog
243,Cat
2430,Dog
2431,Cat
2105,Cat
213,Dog
216,Dog
2177,Dog
2209,Cat
2228,Cat
2258,Dog
2289,Cat
2309,Cat
2328,Cat
2354,Cat
2373,Dog
2393,Dog
2410,Cat
2432,Cat
2452,Dog
2472,Cat
2492,Dog
2513,Dog
2533,Dog
2551,Cat
2570,Cat
2589,Dog
2606,Cat
263,Cat
2649,Cat
2667,Cat
2688,Cat
2707,Dog
2727,Dog
2746,Dog
3081,Cat
3082,Cat
3083,Dog
3084,Cat
3085,Dog
3086,Dog
3087,Dog
3088,Dog
3089,Dog
309,Dog
3090,Cat
3091,Cat
3092,Dog
3093,Dog
3094,Dog
3095,Dog
3096,Cat
3097,Dog
3098,Cat
3099,Dog
31,Dog
2767,Dog
2768,Cat
2769,Dog
277,Dog
2770,Dog
2771,Cat
2772,Dog
2773,Dog
2774,Dog
2775,Cat
2776,Cat
2777,Cat
2778,Cat
2779,Dog
278,Cat
2780,Dog
2781,Cat
2782,Cat
2783,Cat
2784,Dog
2785,Dog
2786,Dog
2787,Dog
2788,Cat
2789,Dog
279,Cat
2790,Cat
1482,Cat
1483,Cat
1484,Dog
1485,Dog
1486,Cat
1487,Cat
1488,Dog
1489,Cat
149,Cat
1490,Cat
1491,Cat
1492,Cat
1493,Dog
1494,Cat
1495,Cat
1496,Dog
1497,Cat
1498,Dog
1499,Cat
15,Cat
150,Dog
1500,Dog
1501,Cat
1502,Dog
1503,Cat
1504,Dog
1505,Cat
1506,Dog
1507,Cat
1508,Cat
389,Dog
3890,Dog
3891,Cat
3892,Cat
3893,Dog
3894,Dog
3895,Dog
3896,Dog
3897,Cat
3898,Dog
3899,Dog
39,Cat
390,Dog
3900,Dog
3901,Cat
3902,Dog
3903,Dog
3904,Cat
3905,Cat
3906,Dog
3907,Cat
3908,Cat
3909,Dog
391,Dog
3910,Dog
3911,Dog
3912,Dog
3913,Dog
3914,Dog
491,Dog
4910,Cat
4911,Dog
4912,Cat
4913,Dog
4914,Cat
4915,Cat
4916,Dog
4917,Cat
4918,Dog
4919,Dog
492,Dog
4920,Cat
4921,Cat
4922,Dog
4923,Cat
4924,Cat
4925,Dog
4926,Dog
4927,Dog
4928,Cat
1092,Dog
1093,Dog
1094,Cat
1095,Dog
1096,Dog
1097,Dog
1098,Dog
1099,Cat
11,Cat
110,Cat
1100,Cat
1101,Cat
1102,Cat
1103,Dog
1104,Cat
1105,Dog
1106,Dog
1107,Dog
1108,Cat
1109,Dog
111,Dog
1110,Dog
1111,Cat
1112,Dog
1113,Dog
1114,Dog
1115,Cat
1116,Dog
1117,Cat
1118,Cat
1119,Cat
2049,Dog
205,Dog
2050,Cat
2051,Dog
2052,Dog
2053,Dog
2054,Dog
2055,Cat
2056,Dog
2057,Cat
2058,Dog
2059,Cat
206,Cat
2060,Cat
2061,Dog
2062,Cat
2063,Dog
2064,Cat
2065,Cat
2066,Cat
2067,Cat
2068,Dog
2069,Dog
207,Cat
2070,Cat
2071,Cat
2072,Dog
2073,Dog
2074,Dog
2988,Dog
2989,Cat
299,Dog
2990,Dog
2991,Dog
2992,Cat
2993,Dog
2994,Cat
2995,Cat
2996,Cat
2997,Cat
2998,Dog
2999,Cat
3,Dog
30,Dog
300,Dog
3000,Dog
3001,Dog
3002,Dog
3003,Dog
3004,Dog
3005,Cat
3488,Cat
3489,Cat
349,Cat
3490,Cat
3491,Cat
3492,Dog
3493,Dog
3494,Dog
3495,Cat
3496,Cat
3497,Cat
3498,Cat
3499,Dog
35,Cat
350,Cat
3500,Cat
3501,Cat
3502,Dog
3503,Cat
3504,Cat
3505,Cat
3506,Dog
3507,Dog
3508,Dog
3509,Dog
351,Cat
1901,Cat
1902,Cat
1903,Dog
1904,Cat
1905,Dog
1906,Dog
1907,Cat
1908,Dog
1909,Dog
191,Cat
1910,Cat
1911,Cat
1912,Dog
1913,Dog
1914,Cat
1915,Cat
1916,Cat
1917,Dog
1918,Cat
1919,Cat
192,Dog
2178,Dog
2179,Dog
218,Dog
2180,Cat
2181,Dog
2182,Dog
2183,Dog
2184,Cat
2185,Cat
2186,Dog
2187,Dog
2188,Cat
2189,Cat
219,Dog
2190,Dog
2191,Dog
2192,Dog
2193,Dog
2194,Dog
2195,Dog
2196,Dog
2197,Dog
2198,Cat
2199,Dog
22,Dog
220,Cat
2200,Dog
2201,Dog
2202,Dog
2203,Cat
2204,Cat
2205,Cat
2206,Dog
2207,Dog
2208,Cat
3255,Dog
3256,Dog
3257,Cat
3258,Cat
3259,Dog
326,Dog
3260,Dog
3261,Dog
3262,Dog
3263,Cat
3264,Dog
3265,Cat
3266,Cat
3267,Cat
3268,Dog
3269,Dog
327,Dog
3270,Cat
3271,Cat
3272,Dog
3273,Cat
3274,Dog
3275,Dog
3276,Cat
3277,Cat
3278,Dog
3279,Dog
4708,Dog
4709,Cat
471,Dog
4710,Cat
4711,Cat
4712,Dog
4713,Dog
4714,Cat
4715,Dog
4716,Dog
4717,Cat
4718,Dog
4719,Dog
472,Dog
4720,Dog
4721,Cat
4722,Cat
4723,Cat
4724,Cat
4725,Dog
4726,Cat
4727,Dog
4429,Dog
4449,Cat
4473,Cat
4492,Cat
4511,Dog
4530,Dog
4565,Cat
4587,Cat
4606,Cat
4625,Cat
4644,Cat
4665,Cat
4688,Cat
4707,Dog
4728,Dog
4762,Cat
4784,Cat
4808,Cat
4842,Cat
4860,Cat
4880,Dog
4909,Cat
3657,Dog
3658,Cat
3659,Dog
366,Cat
3660,Cat
3661,Cat
3662,Cat
3663,Cat
3664,Dog
3665,Dog
3666,Cat
3667,Dog
3668,Cat
3669,Dog
367,Dog
3670,Dog
3671,Dog
3672,Cat
3673,Cat
3674,Dog
3675,Cat
3676,Dog
3677,Cat
3678,Cat
3679,Dog
368,Dog
4301,Dog
4302,Dog
4303,Cat
4304,Cat
4305,Cat
4306,Cat
4307,Cat
4308,Cat
4309,Dog
431,Dog
4310,Cat
4311,Cat
4312,Dog
4313,Dog
4314,Dog
4315,Cat
4316,Dog
4317,Dog
4318,Cat
4319,Dog
432,Dog
4320,Dog
559,Dog
56,Cat
560,Cat
561,Cat
562,Cat
563,Dog
564,Dog
565,Dog
566,Dog
567,Cat
568,Cat
569,Cat
57,Dog
570,Cat
571,Cat
572,Dog
573,Cat
574,Dog
575,Cat
576,Cat
577,Dog
578,Dog
579,Dog
58,Dog
580,Dog
581,Dog
582,Dog
583,Cat
584,Cat
585,Cat
586,Cat
587,Dog
588,Dog
589,Dog
2571,Dog
2572,Dog
2573,Cat
2574,Dog
2575,Cat
2576,Dog
2577,Dog
2578,Dog
2579,Dog
258,Cat
2580,Dog
2581,Cat
2582,Cat
2583,Dog
2584,Cat
2585,Dog
2586,Dog
2587,Cat
2588,Dog
312,Dog
3120,Dog
3121,Cat
3122,Cat
3123,Dog
3124,Cat
3125,Dog
3126,Dog
3127,Dog
3128,Cat
3129,Dog
313,Dog
3130,Dog
3131,Cat
3132,Cat
3133,Cat
3134,Cat
3135,Dog
3136,Dog
3137,Cat
3138,Dog
3139,Cat
314,Dog
1658,Dog
1659,Dog
166,Cat
1660,Cat
1661,Dog
1662,Cat
1663,Cat
1664,Dog
1665,Cat
1666,Dog
1667,Dog
1668,Cat
1669,Cat
167,Dog
1670,Cat
1671,Cat
1672,Dog
1673,Cat
1674,Dog
674,Dog
675,Dog
676,Dog
677,Dog
678,Cat
679,Dog
68,Cat
680,Dog
681,Cat
682,Cat
683,Dog
684,Dog
685,Cat
686,Cat
687,Cat
688,Dog
689,Dog
69,Dog
690,Dog
691,Cat
692,Cat
693,Cat
88,Cat
880,Cat
881,Cat
882,Dog
883,Dog
884,Dog
885,Dog
886,Dog
887,Cat
888,Cat
889,Dog
89,Dog
890,Dog
891,Dog
892,Cat
893,Cat
894,Dog
895,Dog
896,Dog
897,Cat
898,Dog
899,Cat
9,Cat
90,Cat
900,Cat
901,Dog
902,Dog
903,Dog
904,Dog
905,Dog
906,Dog
907,Cat
908,Dog
4512,Dog
4513,Dog
4514,Dog
4515,Dog
4516,Cat
4517,Dog
4518,Cat
4519,Cat
452,Dog
4520,Dog
4521,Cat
4522,Dog
4523,Dog
4524,Dog
4525,Cat
4526,Dog
4527,Dog
4528,Dog
4529,Dog
453,Dog
1328,Cat
1329,Dog
133,Dog
1330,Dog
1331,Dog
1332,Cat
1333,Dog
1334,Dog
1335,Dog
1336,Cat
1337,Dog
1338,Cat
1339,Dog
134,Cat
1340,Dog
1341,Cat
1342,Cat
1343,Cat
1344,Dog
1345,Cat
1346,Cat
1347,Cat
1348,Cat
1349,Dog
135,Dog
1350,Cat
2374,Dog
2375,Cat
2376,Dog
2377,Dog
2378,Cat
2379,Cat
238,Dog
2380,Dog
2381,Dog
2382,Cat
2383,Cat
2384,Cat
2385,Cat
2386,Cat
2387,Cat
2388,Dog
2389,Dog
239,Dog
2390,Dog
2391,Dog
2392,Cat
4881,Dog
4882,Cat
4883,Cat
4884,Dog
4885,Dog
4886,Cat
4887,Dog
4888,Dog
4889,Dog
489,Cat
4890,Dog
4891,Cat
4892,Dog
4893,Cat
4894,Cat
4895,Dog
4896,Cat
4897,Cat
4898,Cat
4899,Cat
49,Cat
490,Dog
4900,Cat
4901,Dog
4902,Cat
4903,Dog
4904,Dog
4905,Dog
4906,Cat
4907,Dog
4908,Dog
2819,Cat
282,Dog
2820,Cat
2821,Cat
2822,Cat
2823,Dog
2824,Cat
2825,Dog
2826,Cat
2827,Dog
2828,Cat
2829,Dog
283,Cat
2830,Dog
2831,Cat
2832,Cat
2833,Cat
2834,Cat
2835,Dog
2836,Dog
2837,Cat
2838,Dog
2839,Cat
284,Dog
2840,Cat
1258,Cat
1259,Cat
126,Dog
1260,Dog
1261,Dog
1262,Dog
1263,Dog
1264,Cat
1265,Dog
1266,Cat
1267,Cat
1268,Dog
1269,Cat
127,Cat
1270,Cat
1271,Dog
1272,Cat
1273,Dog
1274,Dog
1275,Dog
1276,Dog
1277,Cat
1278,Cat
1279,Cat
128,Cat
1280,Dog
1281,Dog
1282,Cat
1283,Cat
1284,Cat
1285,Dog
1286,Dog
1287,Cat
1288,Dog
1289,Dog
129,Dog
1290,Cat
1291,Cat
151,Dog
1510,Dog
1511,Cat
1512,Cat
1513,Cat
1514,Dog
1515,Cat
1516,Dog
1517,Cat
1518,Dog
1519,Cat
152,Cat
1520,Cat
1521,Dog
1522,Cat
1523,Dog
1524,Cat
1525,Dog
1526,Cat
1527,Dog
1528,Cat
1529,Cat
153,Cat
1530,Dog
1531,Dog
1532,Cat
1533,Dog
1534,Cat
1535,Dog
1536,Cat
1537,Dog
1538,Cat
1539,Dog
154,Cat
4068,Cat
4069,Cat
407,Cat
4070,Cat
4071,Cat
4072,Dog
4073,Dog
4074,Cat
4075,Dog
4076,Dog
4077,Dog
4078,Cat
4079,Dog
408,Dog
4080,Cat
4081,Dog
4082,Dog
4083,Cat
4084,Dog
4085,Dog
4086,Cat
4087,Dog
4088,Cat
4089,Dog
409,Dog
4090,Dog
4091,Cat
4092,Cat
4093,Cat
4094,Dog
4095,Cat
4096,Cat
4097,Cat
4098,Dog
4099,Dog
41,Dog
410,Dog
4100,Cat
4101,Dog
221,Dog
2210,Dog
2211,Cat
2212,Dog
2213,Dog
2214,Dog
2215,Dog
2216,Dog
2217,Cat
2218,Dog
2219,Cat
222,Cat
2220,Dog
2221,Cat
2222,Dog
2223,Cat
2224,Dog
2225,Cat
2226,Cat
2227,Cat
1120,Dog
1121,Cat
1122,Dog
1123,Cat
1124,Cat
1125,Dog
1126,Dog
1127,Dog
1128,Dog
1129,Dog
113,Cat
1130,Dog
1131,Dog
1132,Cat
1133,Cat
1134,Dog
1135,Cat
1136,Dog
1137,Dog
1138,Cat
1139,Cat
114,Dog
1140,Cat
3731,Dog
3732,Dog
3733,Cat
3734,Cat
3735,Dog
3736,Cat
3737,Cat
3738,Dog
3739,Cat
374,Dog
3740,Cat
3741,Dog
3742,Dog
3743,Dog
3744,Cat
3745,Dog
3746,Dog
3747,Dog
3748,Dog
3749,Dog
375,Dog
305,Cat
3050,Cat
3051,Cat
3052,Dog
3053,Cat
3054,Dog
3055,Cat
3056,Cat
3057,Dog
3058,Dog
3059,Dog
306,Dog
3060,Cat
3061,Dog
3062,Dog
3063,Dog
3064,Dog
3065,Dog
3066,Cat
3067,Dog
3068,Cat
3069,Cat
307,Cat
3070,Dog
3071,Cat
3072,Cat
3073,Cat
3074,Dog
3075,Cat
3076,Cat
3077,Cat
3078,Cat
3079,Dog
308,Cat
1872,Cat
1873,Dog
1874,Cat
1875,Dog
1876,Cat
1877,Dog
1878,Dog
1879,Cat
188,Dog
1880,Cat
1881,Dog
1882,Dog
1883,Dog
1884,Cat
1885,Dog
1886,Dog
1887,Cat
1888,Cat
1889,Cat
189,Dog
1890,Dog
1891,Dog
1892,Dog
1893,Dog
1894,Cat
1895,Cat
1896,Cat
1897,Dog
1898,Cat
1899,Dog
19,Dog
190,Cat
3916,Dog
3917,Cat
3918,Dog
3919,Dog
392,Cat
3920,Cat
3921,Dog
3922,Dog
3923,Cat
3924,Dog
3925,Dog
3926,Dog
3927,Dog
3928,Cat
3929,Cat
393,Cat
3930,Dog
3931,Cat
3932,Cat
3933,Dog
3934,Cat
3332,Cat
3333,Cat
3334,Cat
3335,Dog
3336,Dog
3337,Cat
3338,Dog
3339,Cat
334,Cat
3340,Dog
3341,Dog
3342,Cat
3343,Dog
3344,Cat
3345,Cat
3346,Dog
3347,Cat
3348,Cat
3349,Dog
335,Cat
3350,Cat
3351,Dog
3352,Dog
3353,Dog
1067,Dog
1068,Dog
1069,Dog
107,Dog
1070,Dog
1071,Cat
1072,Cat
1073,Dog
1074,Cat
1075,Dog
1076,Dog
1077,Cat
1078,Cat
1079,Cat
108,Cat
1080,Dog
1081,Cat
1082,Cat
1083,Cat
1084,Dog
1085,Dog
1086,Cat
1087,Cat
1088,Cat
1089,Cat
109,Cat
1090,Cat
3863,Dog
3864,Dog
3865,Cat
3866,Dog
3867,Cat
3868,Cat
3869,Dog
387,Cat
3870,Dog
3871,Dog
3872,Cat
3873,Dog
3874,Dog
3875,Cat
3876,Dog
3877,Dog
3878,Dog
3879,Cat
388,Cat
3880,Cat
3881,Cat
3882,Cat
3883,Dog
3884,Dog
3885,Dog
3886,Cat
3887,Dog
3888,Cat
2958,Dog
2959,Cat
296,Dog
2960,Dog
2961,Cat
2962,Cat
2963,Cat
2964,Cat
2965,Dog
2966,Dog
2967,Dog
2968,Cat
2969,Dog
297,Dog
2970,Cat
2971,Dog
2972,Cat
2973,Cat
2974,Dog
2975,Cat
2976,Dog
2977,Dog
2978,Cat
2979,Cat
298,Cat
2980,Cat
2981,Cat
2982,Dog
2983,Dog
2984,Dog
2985,Cat
2986,Dog
445,Cat
4450,Cat
4451,Dog
4452,Dog
4453,Dog
4454,Dog
4455,Dog
4456,Cat
4457,Dog
4458,Cat
4459,Dog
446,Dog
4460,Cat
4461,Dog
4462,Dog
4463,Cat
4464,Cat
4465,Dog
4466,Dog
4467,Dog
4468,Cat
4469,Dog
447,Cat
4470,Dog
4471,Cat
4472,Dog
4123,Dog
4124,Dog
4125,Cat
4126,Dog
4127,Cat
4128,Dog
4129,Dog
413,Cat
4130,Cat
4131,Dog
4132,Dog
4133,Cat
4134,Cat
4135,Cat
4136,Dog
4137,Dog
4138,Dog
4139,Dog
414,Dog
1453,Cat
1454,Cat
1455,Cat
1456,Dog
1457,Cat
1458,Dog
1459,Dog
146,Cat
1460,Dog
1461,Dog
1462,Dog
1463,Dog
1464,Dog
1465,Dog
1466,Cat
1467,Dog
1468,Dog
1469,Cat
147,Cat
1470,Cat
1471,Dog
1472,Cat
1473,Cat
1474,Cat
1475,Dog
1476,Dog
1477,Cat
1478,Dog
1479,Dog
148,Cat
1480,Dog
2630,Cat
2631,Dog
2632,Dog
2633,Cat
2634,Dog
2635,Cat
2636,Dog
2637,Cat
2638,Cat
2639,Cat
264,Dog
2640,Cat
2641,Dog
2642,Cat
2643,Cat
2644,Cat
2645,Cat
2646,Dog
2647,Cat
2648,Cat
2792,Dog
2793,Cat
2794,Cat
2795,Dog
2796,Cat
2797,Dog
2798,Dog
2799,Cat
28,Dog
280,Cat
2800,Dog
2801,Dog
2802,Dog
2803,Cat
2804,Dog
2805,Dog
2806,Cat
2807,Cat
2808,Dog
2809,Cat
281,Cat
2810,Cat
2811,Dog
2812,Dog
2813,Dog
2814,Cat
2815,Dog
2816,Dog
2817,Cat
2433,Dog
2434,Cat
2435,Cat
2436,Cat
2437,Dog
2438,Dog
2439,Cat
244,Dog
2440,Dog
2441,Dog
2442,Dog
2443,Cat
2444,Dog
2445,Dog
2446,Dog
2447,Cat
2448,Cat
2449,Cat
245,Dog
2450,Cat
2451,Dog
1721,Dog
1722,Cat
1723,Dog
1724,Cat
1725,Cat
1726,Cat
1727,Cat
1728,Cat
1729,Cat
173,Dog
1730,Dog
1731,Cat
1732,Dog
1733,Cat
1734,Cat
1735,Cat
1736,Cat
1737,Dog
1738,Dog
1739,Dog
174,Dog
3681,Cat
3682,Cat
3683,Cat
3684,Dog
3685,Cat
3686,Cat
3687,Dog
3688,Cat
3689,Cat
369,Cat
3690,Dog
3691,Cat
3692,Cat
3693,Dog
3694,Dog
3695,Dog
3696,Dog
3697,Cat
3698,Cat
3699,Dog
37,Dog
3466,Dog
3467,Cat
3468,Dog
3469,Cat
347,Cat
3470,Cat
3471,Dog
3472,Dog
3473,Dog
3474,Dog
3475,Cat
3476,Dog
3477,Dog
3478,Dog
3479,Cat
348,Dog
3480,Dog
3481,Dog
3482,Cat
3483,Dog
3484,Dog
3485,Cat
3486,Cat
2014,Dog
2015,Dog
2016,Dog
2017,Dog
2018,Dog
2019,Dog
202,Cat
2020,Cat
2021,Dog
2022,Dog
2023,Dog
2024,Cat
2025,Dog
2026,Cat
2027,Cat
2028,Dog
2029,Dog
203,Cat
2030,Dog
2031,Cat
2032,Dog
2033,Cat
2034,Dog
2035,Cat
2036,Cat
2037,Cat
2038,Cat
2039,Dog
204,Dog
2040,Cat
2041,Cat
2042,Dog
2043,Dog
2044,Dog
2045,Cat
2046,Dog
2047,Cat
736,Dog
737,Dog
738,Dog
739,Cat
74,Dog
740,Dog
741,Dog
742,Cat
743,Dog
744,Dog
745,Cat
746,Cat
747,Cat
748,Dog
749,Cat
75,Cat
750,Dog
751,Dog
752,Dog
753,Dog
754,Dog
755,Dog
756,Dog
757,Dog
758,Cat
759,Cat
76,Dog
760,Dog
761,Cat
762,Cat
763,Cat
764,Cat
765,Cat
766,Cat
767,Cat
768,Cat
769,Dog
77,Dog
770,Cat
771,Dog
934,Dog
935,Cat
936,Cat
937,Dog
938,Cat
939,Cat
94,Dog
940,Dog
941,Dog
942,Cat
943,Dog
944,Cat
945,Cat
946,Dog
947,Dog
948,Cat
949,Dog
95,Dog
950,Dog
951,Cat
952,Dog
953,Cat
954,Cat
955,Cat
956,Cat
957,Cat
958,Cat
959,Cat
96,Cat
960,Cat
961,Dog
962,Dog
963,Cat
964,Dog
965,Dog
966,Dog
967,Cat
2747,Cat
2748,Cat
2749,Cat
275,Dog
2750,Dog
2751,Cat
2752,Cat
2753,Cat
2754,Dog
2755,Cat
2756,Cat
2757,Cat
2758,Cat
2759,Cat
276,Dog
2760,Cat
2761,Dog
2762,Dog
2763,Cat
2764,Dog
2765,Cat
4645,Dog
4646,Dog
4647,Dog
4648,Cat
4649,Cat
465,Cat
4650,Dog
4651,Dog
4652,Cat
4653,Dog
4654,Cat
4655,Dog
4656,Cat
4657,Dog
4658,Cat
4659,Cat
466,Dog
4660,Dog
4661,Cat
4662,Dog
4663,Cat
4664,Dog
493,Cat
4930,Dog
4931,Dog
4932,Dog
4933,Dog
4934,Cat
4935,Cat
4936,Cat
4937,Cat
4938,Dog
4939,Cat
494,Cat
4940,Cat
4941,Dog
4942,Dog
4943,Cat
4944,Cat
4945,Cat
4946,Cat
3511,Cat
3512,Dog
3513,Cat
3514,Dog
3515,Cat
3516,Cat
3517,Cat
3518,Dog
3519,Cat
352,Dog
3520,Cat
3521,Cat
3522,Dog
3523,Cat
3524,Dog
3525,Cat
3526,Dog
3527,Dog
3528,Dog
3529,Cat
353,Cat
3530,Dog
3531,Cat
3532,Cat
2160,Dog
2161,Dog
2162,Dog
2163,Cat
2164,Cat
2165,Dog
2166,Dog
2167,Cat
2168,Dog
2169,Cat
217,Dog
2170,Dog
2171,Dog
2172,Dog
2173,Cat
2174,Dog
2175,Dog
2176,Cat
3280,Cat
3281,Dog
3282,Dog
3283,Dog
3284,Cat
3285,Cat
3286,Dog
3287,Dog
3288,Cat
3289,Cat
329,Dog
3290,Dog
3291,Cat
3292,Dog
3293,Dog
3294,Cat
3295,Dog
3296,Dog
2791,Cat
2818,Dog
2841,Dog
2869,Dog
2896,Dog
2918,Dog
2936,Cat
2957,Dog
2987,Cat
3006,Dog
3026,Cat
3049,Dog
3080,Dog
310,Dog
3119,Dog
3140,Dog
3160,Cat
3183,Cat
3200,Cat
3222,Cat
3254,Cat
328,Cat
3297,Dog
3331,Cat
158,Cat
2075,Dog
2766,Dog
3354,Cat
3862,Dog
4405,Cat
4929,Dog
4729,Cat
473,Cat
4730,Cat
4731,Cat
4732,Cat
4733,Dog
4734,Dog
4735,Dog
4736,Cat
4737,Cat
4738,Cat
4739,Dog
474,Cat
4740,Dog
4741,Dog
4742,Dog
4743,Dog
4744,Cat
4745,Cat
4746,Cat
4747,Dog
4748,Cat
4749,Cat
475,Dog
4750,Cat
4751,Dog
4752,Cat
4753,Cat
4754,Dog
4755,Dog
4756,Cat
4757,Cat
4758,Cat
4759,Cat
476,Dog
4760,Dog
4761,Dog
4531,Dog
4532,Dog
4533,Cat
4534,Cat
4535,Cat
4536,Dog
4537,Dog
4538,Cat
4539,Cat
454,Dog
4540,Cat
4541,Dog
4542,Cat
4543,Dog
4544,Dog
4545,Dog
4546,Dog
4547,Dog
4548,Dog
4549,Dog
455,Dog
4550,Cat
4551,Dog
4552,Cat
4553,Dog
4554,Cat
4555,Dog
4556,Cat
4557,Dog
4558,Dog
4559,Dog
456,Cat
4560,Dog
4561,Cat
4562,Dog
4563,Dog
4564,Dog
4689,Cat
469,Dog
4690,Cat
4691,Dog
4692,Dog
4693,Dog
4694,Dog
4695,Cat
4696,Dog
4697,Cat
4698,Dog
4699,Dog
47,Cat
470,Dog
4700,Dog
4701,Dog
4702,Dog
4703,Cat
4704,Cat
4705,Cat
4706,Cat
2552,Cat
2553,Dog
2554,Dog
2555,Dog
2556,Dog
2557,Cat
2558,Dog
2559,Dog
256,Cat
2560,Cat
2561,Dog
2562,Cat
2563,Dog
2564,Cat
2565,Dog
2566,Cat
2567,Cat
2568,Dog
2569,Dog
257,Cat
4861,Cat
4862,Cat
4863,Dog
4864,Dog
4865,Dog
4866,Cat
4867,Dog
4868,Dog
4869,Dog
487,Dog
4870,Cat
4871,Cat
4872,Dog
4873,Cat
4874,Dog
4875,Cat
4876,Dog
4877,Dog
4878,Dog
4879,Cat
488,Dog
1921,Cat
1922,Dog
1923,Cat
1924,Dog
1925,Cat
1926,Dog
1927,Dog
1928,Cat
1929,Dog
193,Dog
1930,Dog
1931,Cat
1932,Dog
1933,Cat
1934,Dog
1935,Cat
1936,Cat
1937,Dog
1938,Cat
4322,Dog
4323,Dog
4324,Cat
4325,Cat
4326,Cat
4327,Dog
4328,Dog
4329,Cat
433,Cat
4330,Cat
4331,Cat
4332,Dog
4333,Dog
4334,Dog
4335,Dog
4336,Cat
4337,Cat
4338,Cat
4339,Cat
4493,Cat
4494,Dog
4495,Cat
4496,Cat
4497,Cat
4498,Cat
4499,Cat
45,Dog
450,Cat
4500,Dog
4501,Dog
4502,Cat
4503,Dog
4504,Dog
4505,Cat
4506,Dog
4507,Dog
4508,Dog
4509,Cat
451,Dog
4510,Dog
259,Cat
2590,Dog
2591,Dog
2592,Cat
2593,Dog
2594,Dog
2595,Dog
2596,Cat
2597,Dog
2598,Cat
2599,Dog
26,Dog
260,Dog
2600,Cat
2601,Dog
2602,Dog
2603,Dog
2604,Cat
2605,Dog
52,Dog
520,Cat
521,Dog
522,Dog
523,Cat
524,Cat
525,Cat
526,Dog
527,Dog
528,Cat
529,Dog
53,Cat
530,Cat
531,Dog
532,Cat
533,Cat
534,Dog
535,Cat
536,Dog
537,Cat
538,Cat
3100,Cat
3101,Dog
3102,Cat
3103,Dog
3104,Dog
3105,Cat
3106,Dog
3107,Dog
3108,Dog
3109,Dog
311,Cat
3110,Dog
3111,Dog
3112,Cat
3113,Cat
3114,Dog
3115,Dog
3116,Dog
3117,Cat
3118,Dog
2394,Dog
2395,Dog
2396,Dog
2397,Dog
2398,Cat
2399,Dog
24,Dog
240,Dog
2400,Cat
2401,Dog
2402,Dog
2403,Dog
2404,Dog
2405,Cat
2406,Dog
2407,Cat
2408,Cat
2409,Cat
241,Cat
4281,Dog
4282,Cat
4283,Cat
4284,Cat
4285,Dog
4286,Cat
4287,Cat
4288,Dog
4289,Cat
429,Dog
4290,Dog
4291,Cat
4292,Cat
4293,Cat
4294,Cat
4295,Dog
4296,Dog
4297,Dog
4298,Cat
4299,Dog
43,Dog
430,Dog
858,Cat
859,Cat
86,Dog
860,Cat
861,Dog
862,Cat
863,Dog
864,Cat
865,Cat
866,Cat
867,Dog
868,Dog
869,Dog
87,Dog
870,Dog
871,Dog
872,Dog
873,Cat
874,Dog
875,Dog
876,Cat
877,Cat
878,Cat
4000,Cat
4001,Cat
4002,Cat
4003,Cat
4004,Cat
4005,Dog
4006,Dog
4007,Cat
4008,Cat
4009,Cat
401,Dog
4010,Dog
4011,Cat
4012,Dog
4013,Dog
4014,Cat
4015,Dog
4016,Dog
4017,Dog
4018,Cat
4019,Cat
402,Dog
4020,Dog
4021,Cat
4022,Cat
4023,Cat
4024,Cat
4025,Cat
4026,Cat
4027,Cat
4028,Cat
4242,Dog
4243,Dog
4244,Cat
4245,Cat
4246,Cat
4247,Dog
4248,Dog
4249,Cat
425,Cat
4250,Cat
4251,Dog
4252,Cat
4253,Dog
4254,Cat
4255,Cat
4256,Cat
4257,Cat
4258,Dog
4259,Cat
426,Dog
1580,Dog
1581,Cat
1582,Cat
1583,Cat
1584,Dog
1585,Dog
1586,Dog
1587,Dog
1588,Dog
1589,Cat
159,Dog
1590,Cat
1591,Cat
1592,Dog
1593,Dog
1594,Dog
1595,Cat
1596,Cat
1597,Dog
1598,Dog
1599,Dog
16,Dog
287,Cat
2870,Cat
2871,Dog
2872,Cat
2873,Dog
2874,Cat
2875,Dog
2876,Dog
2877,Cat
2878,Dog
2879,Cat
288,Cat
2880,Cat
2881,Dog
2882,Cat
2883,Dog
2884,Dog
2885,Cat
2886,Dog
2887,Cat
2888,Dog
2889,Dog
289,Cat
2890,Cat
2891,Dog
2892,Dog
2893,Dog
2894,Dog
2895,Dog
360,Dog
3600,Dog
3601,Cat
3602,Cat
3603,Dog
3604,Dog
3605,Cat
3606,Dog
3607,Cat
3608,Dog
3609,Dog
361,Cat
3610,Cat
3611,Dog
3612,Cat
3613,Cat
3614,Dog
3615,Cat
3616,Dog
3617,Cat
3618,Dog
3619,Cat
362,Cat
3620,Dog
3621,Cat
3622,Dog
3623,Dog
3624,Cat
3625,Cat
3626,Cat
3627,Dog
3628,Dog
3629,Dog
363,Dog
3630,Dog
3631,Cat
120,Dog
1200,Dog
1201,Cat
1202,Dog
1203,Cat
1204,Dog
1205,Cat
1206,Cat
1207,Cat
1208,Dog
1209,Dog
121,Dog
1210,Cat
1211,Cat
1212,Cat
1213,Dog
1214,Dog
1215,Cat
1216,Cat
1217,Cat
1218,Cat
1219,Cat
122,Dog
1220,Dog
1221,Cat
1222,Cat
1223,Dog
1224,Cat
1225,Cat
1226,Cat
1227,Cat
1228,Cat
1229,Cat
123,Cat
1230,Dog
1231,Dog
1232,Dog
2355,Dog
2356,Cat
2357,Cat
2358,Cat
2359,Cat
236,Cat
2360,Cat
2361,Dog
2362,Cat
2363,Cat
2364,Dog
2365,Dog
2366,Cat
2367,Cat
2368,Cat
2369,Cat
237,Cat
2370,Dog
2371,Dog
2372,Dog
1804,Cat
1805,Dog
1806,Dog
1807,Cat
1808,Cat
1809,Dog
181,Dog
1810,Dog
1811,Dog
1812,Dog
1813,Dog
1814,Cat
1815,Dog
1816,Cat
1817,Cat
1818,Dog
1819,Dog
182,Cat
1820,Cat
1821,Dog
1822,Cat
1823,Dog
1824,Dog
1825,Dog
1826,Cat
1827,Cat
1828,Cat
1829,Cat
183,Cat
1830,Dog
1831,Dog
1832,Cat
1833,Dog
1834,Cat
1835,Dog
1836,Dog
1837,Cat
695,Cat
696,Dog
697,Dog
698,Cat
699,Cat
7,Dog
70,Dog
700,Dog
701,Cat
702,Cat
703,Cat
704,Cat
705,Dog
706,Cat
707,Dog
708,Cat
709,Dog
71,Dog
710,Dog
711,Dog
712,Dog
1676,Dog
1677,Cat
1678,Dog
1679,Cat
168,Dog
1680,Dog
1681,Cat
1682,Dog
1683,Dog
1684,Cat
1685,Dog
1686,Cat
1687,Cat
1688,Cat
1689,Dog
169,Cat
1690,Cat
1691,Dog
1692,Dog
1693,Dog
809,Dog
81,Dog
810,Dog
811,Dog
812,Dog
813,Cat
814,Cat
815,Dog
816,Cat
817,Dog
818,Cat
819,Cat
82,Dog
820,Dog
821,Cat
822,Dog
823,Dog
824,Dog
825,Dog
826,Cat
827,Dog
828,Dog
829,Cat
83,Cat
830,Cat
831,Dog
832,Dog
833,Cat
4947,Cat
4975,Cat
4996,Dog
519,Cat
539,Cat
558,Cat
59,Dog
61,Dog
63,Dog
654,Dog
673,Cat
694,Cat
713,Cat
735,Dog
772,Cat
808,Cat
834,Cat
857,Dog
879,Dog
909,Cat
933,Cat
968,Dog
655,Cat
656,Cat
657,Dog
658,Dog
659,Dog
66,Cat
660,Dog
661,Dog
662,Dog
663,Cat
664,Dog
665,Dog
666,Dog
667,Cat
668,Dog
669,Dog
67,Cat
670,Dog
671,Dog
672,Dog
4976,Cat
4977,Dog
4978,Cat
4979,Dog
498,Cat
4980,Cat
4981,Dog
4982,Dog
4983,Dog
4984,Cat
4985,Cat
4986,Dog
4987,Dog
4988,Cat
4989,Cat
499,Dog
4990,Dog
4991,Dog
4992,Cat
4993,Dog
4994,Dog
4995,Cat
2229,Cat
223,Dog
2230,Cat
2231,Cat
2232,Dog
2233,Cat
2234,Dog
2235,Cat
2236,Dog
2237,Dog
2238,Dog
2239,Dog
224,Cat
2240,Cat
2241,Dog
2242,Dog
2243,Cat
2244,Dog
2245,Cat
2246,Dog
2247,Cat
2248,Dog
2249,Cat
225,Cat
2250,Cat
2251,Dog
2252,Dog
2253,Cat
2254,Cat
2255,Cat
2256,Cat
2257,Cat
2106,Cat
2107,Dog
2108,Dog
2109,Cat
211,Cat
2110,Dog
2111,Dog
2112,Cat
2113,Dog
2114,Dog
2115,Dog
2116,Dog
2117,Cat
2118,Cat
2119,Cat
212,Cat
2120,Dog
2121,Dog
2122,Cat
2123,Dog
2124,Dog
2125,Cat
2126,Dog
2127,Cat
2128,Dog
2129,Dog
3844,Dog
3845,Dog
3846,Dog
3847,Dog
3848,Cat
3849,Cat
385,Cat
3850,Dog
3851,Cat
3852,Cat
3853,Cat
3854,Cat
3855,Cat
3856,Cat
3857,Cat
3858,Dog
3859,Cat
386,Dog
3860,Dog
3861,Cat
3936,Cat
3937,Cat
3938,Cat
3939,Cat
394,Cat
3940,Cat
3941,Cat
3942,Dog
3943,Cat
3944,Cat
3945,Cat
3946,Cat
3947,Cat
3948,Dog
3949,Cat
395,Dog
3950,Dog
3951,Dog
3952,Cat
3953,Dog
3954,Dog
3955,Dog
3956,Dog
3957,Cat
3958,Cat
3959,Dog
396,Dog
3960,Cat
3961,Cat
3554,Cat
3555,Dog
3556,Cat
3557,Dog
3558,Cat
3559,Dog
356,Dog
3560,Dog
3561,Dog
3562,Cat
3563,Cat
3564,Cat
3565,Cat
3566,Cat
3567,Dog
3568,Dog
3569,Cat
357,Cat
3570,Cat
3571,Cat
3572,Dog
3573,Cat
3574,Dog
3575,Cat
3576,Dog
3577,Cat
4785,Dog
4786,Cat
4787,Cat
4788,Cat
4789,Cat
479,Cat
4790,Dog
4791,Cat
4792,Dog
4793,Cat
4794,Dog
4795,Cat
4796,Cat
4797,Dog
4798,Cat
4799,Dog
48,Dog
480,Dog
4800,Dog
4801,Dog
4802,Dog
4803,Cat
4804,Dog
4805,Dog
4806,Cat
4807,Dog
4382,Cat
4383,Dog
4384,Cat
4385,Dog
4386,Dog
4387,Dog
4388,Cat
4389,Cat
439,Cat
4390,Cat
4391,Cat
4392,Dog
4393,Dog
4394,Dog
4395,Dog
4396,Dog
4397,Dog
4398,Dog
4399,Cat
44,Cat
440,Dog
4400,Dog
4401,Cat
4402,Dog
4403,Cat
4404,Cat
3889,Dog
3915,Cat
3935,Cat
3962,Dog
3981,Cat
400,Dog
4029,Cat
405,Dog
4067,Dog
4102,Cat
4122,Dog
4140,Dog
4163,Cat
4182,Dog
4202,Dog
4221,Dog
4241,Dog
4260,Cat
4280,Dog
4300,Dog
4321,Dog
434,Cat
4360,Cat
4381,Cat
3380,Cat
3381,Dog
3382,Cat
3383,Dog
3384,Dog
3385,Cat
3386,Dog
3387,Dog
3388,Cat
3389,Dog
339,Dog
3390,Dog
3391,Dog
3392,Cat
3393,Dog
3394,Cat
3395,Cat
3396,Dog
443,Dog
4430,Cat
4431,Dog
4432,Dog
4433,Dog
4434,Dog
4435,Cat
4436,Dog
4437,Cat
4438,Cat
4439,Cat
444,Cat
4440,Dog
4441,Dog
4442,Dog
4443,Cat
4444,Dog
4445,Dog
4446,Dog
4447,Dog
4448,Cat
1760,Dog
1761,Cat
1762,Dog
1763,Dog
1764,Cat
1765,Cat
1766,Dog
1767,Cat
1768,Cat
1769,Dog
177,Cat
1770,Cat
1771,Cat
1772,Dog
1773,Dog
1774,Cat
1775,Cat
1776,Cat
1777,Cat
1778,Cat
1779,Cat
178,Cat
1780,Dog
1781,Dog
1782,Cat
160,Dog
1634,Dog
1657,Dog
1675,Dog
1694,Dog
1720,Cat
1740,Cat
176,Dog
1783,Dog
1803,Dog
1838,Dog
1871,Cat
1900,Dog
1920,Cat
1939,Cat
1959,Dog
1989,Dog
2013,Dog
2048,Dog
4141,Cat
4142,Cat
4143,Cat
4144,Dog
4145,Cat
4146,Dog
4147,Dog
4148,Dog
4149,Cat
415,Dog
4150,Cat
4151,Cat
4152,Cat
4153,Cat
4154,Dog
4155,Dog
4156,Dog
4157,Dog
4158,Cat
4159,Dog
416,Dog
4160,Dog
4161,Dog
4162,Dog
3161,Cat
3162,Dog
3163,Dog
3164,Cat
3165,Cat
3166,Cat
3167,Cat
3168,Cat
3169,Cat
317,Cat
3170,Cat
3171,Cat
3172,Dog
3173,Dog
3174,Cat
3175,Cat
3176,Dog
3177,Dog
3178,Cat
3179,Dog
318,Dog
3180,Dog
3181,Cat
3182,Dog
4050,Dog
4051,Dog
4052,Cat
4053,Cat
4054,Dog
4055,Cat
4056,Cat
4057,Dog
4058,Dog
4059,Dog
406,Dog
4060,Dog
4061,Dog
4062,Dog
4063,Dog
4064,Cat
4065,Dog
4066,Cat
2919,Dog
292,Cat
2920,Dog
2921,Dog
2922,Dog
2923,Cat
2924,Dog
2925,Cat
2926,Dog
2927,Cat
2928,Dog
2929,Cat
293,Dog
2930,Cat
2931,Cat
2932,Dog
2933,Dog
2934,Cat
2935,Cat
3007,Cat
3008,Cat
3009,Cat
301,Cat
3010,Cat
3011,Cat
3012,Cat
3013,Cat
3014,Cat
3015,Dog
3016,Dog
3017,Cat
3018,Cat
3019,Dog
302,Dog
3020,Cat
3021,Dog
3022,Dog
3023,Dog
3024,Cat
3025,Dog
2689,Cat
269,Cat
2690,Dog
2691,Dog
2692,Dog
2693,Dog
2694,Dog
2695,Dog
2696,Dog
2697,Dog
2698,Cat
2699,Dog
27,Cat
270,Cat
2700,Cat
2701,Dog
2702,Cat
2703,Dog
2704,Cat
2705,Dog
2706,Dog
4588,Dog
4589,Cat
459,Cat
4590,Dog
4591,Cat
4592,Dog
4593,Dog
4594,Cat
4595,Cat
4596,Dog
4597,Dog
4598,Cat
4599,Cat
46,Dog
460,Cat
4600,Dog
4601,Dog
4602,Dog
4603,Dog
4604,Dog
4605,Cat
3201,Dog
3202,Cat
3203,Dog
3204,Cat
3205,Cat
3206,Dog
3207,Dog
3208,Cat
3209,Cat
321,Dog
3210,Dog
3211,Dog
3212,Dog
3213,Cat
3214,Dog
3215,Dog
3216,Cat
3217,Dog
3218,Dog
3219,Cat
322,Dog
3220,Dog
3221,Dog
1371,Cat
1372,Cat
1373,Cat
1374,Cat
1375,Cat
1376,Dog
1377,Dog
1378,Dog
1379,Dog
138,Cat
1380,Cat
1381,Cat
1382,Dog
1383,Cat
1384,Dog
1385,Cat
1386,Dog
1387,Cat
1388,Cat
1389,Cat
139,Dog
2453,Cat
2454,Cat
2455,Cat
2456,Cat
2457,Cat
2458,Cat
2459,Dog
246,Cat
2460,Cat
2461,Cat
2462,Dog
2463,Cat
2464,Cat
2465,Dog
2466,Cat
2467,Cat
2468,Cat
2469,Dog
247,Cat
2470,Cat
2471,Cat
4222,Cat
4223,Cat
4224,Cat
4225,Dog
4226,Dog
4227,Cat
4228,Dog
4229,Dog
423,Cat
4230,Dog
4231,Cat
4232,Cat
4233,Dog
4234,Dog
4235,Dog
4236,Cat
4237,Cat
4238,Dog
4239,Cat
424,Dog
4240,Dog
2493,Dog
2494,Dog
2495,Dog
2496,Dog
2497,Cat
2498,Cat
2499,Cat
25,Cat
250,Dog
2500,Cat
2501,Cat
2502,Cat
2503,Dog
2504,Cat
2505,Cat
2506,Dog
2507,Dog
2508,Cat
2509,Dog
251,Cat
2510,Dog
2511,Dog
2512,Cat
3770,Dog
3771,Cat
3772,Dog
3773,Cat
3774,Cat
3775,Cat
3776,Cat
3777,Cat
3778,Dog
3779,Cat
378,Dog
3780,Dog
3781,Cat
3782,Cat
3783,Cat
3784,Dog
3785,Dog
3786,Cat
3787,Cat
3788,Cat
3789,Dog
379,Dog
4626,Cat
4627,Cat
4628,Cat
4629,Dog
463,Cat
4630,Dog
4631,Dog
4632,Dog
4633,Cat
4634,Dog
4635,Cat
4636,Cat
4637,Cat
4638,Dog
4639,Dog
464,Cat
4640,Cat
4641,Cat
4642,Dog
4643,Cat
2534,Cat
2535,Cat
2536,Cat
2537,Cat
2538,Dog
2539,Cat
254,Cat
2540,Dog
2541,Dog
2542,Dog
2543,Cat
2544,Cat
2545,Dog
2546,Dog
2547,Dog
2548,Cat
2549,Cat
255,Dog
2550,Cat
1018,Cat
1019,Cat
102,Cat
1020,Dog
1021,Dog
1022,Dog
1023,Dog
1024,Cat
1025,Dog
1026,Cat
1027,Cat
1028,Dog
1029,Cat
103,Cat
1030,Cat
1031,Dog
1032,Cat
1033,Dog
1034,Dog
1035,Cat
1036,Dog
231,Dog
2310,Cat
2311,Dog
2312,Dog
2313,Cat
2314,Dog
2315,Dog
2316,Dog
2317,Dog
2318,Dog
2319,Cat
232,Dog
2320,Cat
2321,Cat
2322,Cat
2323,Dog
2324,Cat
2325,Dog
2326,Dog
2327,Dog
194,Dog
1940,Cat
1941,Dog
1942,Cat
1943,Dog
1944,Dog
1945,Cat
1946,Cat
1947,Dog
1948,Cat
1949,Dog
195,Dog
1950,Cat
1951,Cat
1952,Cat
1953,Cat
1954,Dog
1955,Cat
1956,Cat
1957,Dog
1958,Cat
4183,Dog
4184,Cat
4185,Dog
4186,Dog
4187,Cat
4188,Dog
4189,Dog
419,Dog
4190,Dog
4191,Cat
4192,Dog
4193,Cat
4194,Dog
4195,Dog
4196,Cat
4197,Dog
4198,Cat
4199,Cat
42,Dog
420,Dog
4200,Dog
4201,Dog
1561,Cat
1562,Dog
1563,Cat
1564,Cat
1565,Dog
1566,Dog
1567,Dog
1568,Dog
1569,Cat
157,Dog
1570,Dog
1571,Cat
1572,Dog
1573,Cat
1574,Cat
1575,Cat
1576,Cat
1577,Cat
1578,Dog
1579,Cat
2728,Cat
2729,Cat
273,Dog
2730,Cat
2731,Dog
2732,Dog
2733,Cat
2734,Dog
2735,Cat
2736,Dog
2737,Dog
2738,Cat
2739,Dog
274,Dog
2740,Dog
2741,Cat
2742,Dog
2743,Dog
2744,Cat
2745,Cat
4340,Dog
4341,Dog
4342,Cat
4343,Dog
4344,Dog
4345,Dog
4346,Dog
4347,Cat
4348,Dog
4349,Dog
435,Dog
4350,Cat
4351,Cat
4352,Cat
4353,Cat
4354,Dog
4355,Cat
4356,Cat
4357,Dog
4358,Dog
4359,Cat
436,Cat
3419,Dog
342,Cat
3420,Dog
3421,Cat
3422,Cat
3423,Cat
3424,Dog
3425,Dog
3426,Dog
3427,Dog
3428,Dog
3429,Cat
343,Dog
3430,Cat
3431,Dog
3432,Cat
3433,Cat
3434,Cat
3435,Cat
3436,Dog
610,Dog
611,Dog
612,Cat
613,Dog
614,Cat
615,Cat
616,Dog
617,Dog
618,Cat
619,Cat
62,Cat
620,Dog
621,Dog
622,Dog
623,Dog
624,Dog
625,Cat
626,Cat
627,Cat
628,Dog
629,Dog
3982,Dog
3983,Cat
3984,Cat
3985,Dog
3986,Cat
3987,Dog
3988,Cat
3989,Cat
399,Cat
3990,Dog
3991,Dog
3992,Cat
3993,Dog
3994,Dog
3995,Dog
3996,Dog
3997,Dog
3998,Dog
3999,Dog
4,Dog
40,Cat
1160,Dog
1161,Cat
1162,Cat
1163,Cat
1164,Dog
1165,Dog
1166,Dog
1167,Cat
1168,Dog
1169,Cat
117,Cat
1170,Dog
1171,Cat
1172,Cat
1173,Cat
1174,Cat
1175,Cat
1176,Cat
1177,Cat
265,Cat
2650,Dog
2651,Dog
2652,Dog
2653,Dog
2654,Dog
2655,Dog
2656,Dog
2657,Dog
2658,Dog
2659,Dog
266,Cat
2660,Dog
2661,Dog
2662,Dog
2663,Dog
2664,Dog
2665,Dog
2666,Cat
54,Cat
540,Cat
541,Dog
542,Dog
543,Dog
544,Dog
545,Cat
546,Dog
547,Dog
548,Cat
549,Dog
55,Cat
550,Dog
551,Dog
552,Cat
553,Dog
554,Dog
555,Dog
556,Cat
557,Cat
141,Cat
1410,Cat
1411,Cat
1412,Cat
1413,Dog
1414,Dog
1415,Cat
1416,Dog
1417,Cat
1418,Dog
1419,Dog
142,Cat
1420,Cat
1421,Cat
1422,Cat
1423,Dog
1424,Cat
1425,Dog
1426,Cat
